{
    "capacityByTemp": {
	"celcius": [0, 25, 40],
	"percent": [86, 100, 103]
    },
    
    "floatcharge": {
	"current": {
	    "hours"  : [0.0, 7.27, 8.0,  8.54, 9.9,  12.0, 14.0, 16.0,    18.55,   32.0],
	    "I"      : [0.1, 0.1,  0.08, 0.06, 0.04, 0.02, 0.01, 0.00588, 0.00235, 0.00235]
	},

	"voltage": {
	    "hours"  : [0.0, 2.0,   4.0 ,  5.82 , 6.82, 7.36, 32.0],
	    "U"      : [2.0, 2.056, 2.094, 2.14,  2.20, 2.25, 2.25]
	},

	"SOC": {
	    "hours"  : [0, 1.55, 2.73,   4.0, 4.82, 6.0,  8.0,   10.0,  12.0,  16.0,  20.0,  24.0,  32],
	    "percent": [0, 20.0, 40.0, 51.76, 60.0, 70.0, 81.18, 88.82, 91.18, 96.47, 98.82, 100.0, 102.94]
	}
    },

    "discharge": {
    }
}
